Group	ClustalW_score	ClustalW_secs	Muscle_secs	n_Sequences	ClustalW_rax_loglikelihood	Muscle_rax_loglikelihood
HK	9507102	3192	51	310	-3405.190424	-3405.190432
cali09	16111219	92	6	53	-3734.540121	-3734.540147
perth	19965190	113	7	59	-3602.236208	-3602.236203
